{"X": [-5.0, -4.473684210526316, -3.947368421052632, -3.4210526315789473, -2.8947368421052633, -2.368421052631579, -1.8421052631578947, -1.3157894736842106, -0.7894736842105265, -0.2631578947368425, 0.2631578947368416, 0.7894736842105257, 1.3157894736842106, 1.8421052631578947, 2.3684210526315788, 2.894736842105263, 3.421052631578947, 3.947368421052632, 4.473684210526315, 5.0], "Y": [1.7578761771408493, 1.4008124242430442, -0.20587205608072867, 0.2708063072459571, 0.12844528627616625, -1.1304599961814907, -0.8041139849525174, -0.9025324515711652, -0.7074078705844382, -0.36489114916041526, 0.5199467367768085, 1.4318051534321847, 0.38862216469008903, 1.5803853831574115, 0.8355867378249489, 0.5114388657563311, -0.9577979443016964, -0.6402859921168509, -0.08092283850205129, -1.6068072061343042]}